name;age;number;nationality;club;date born;height;weight;pos;feet;nat team
Lucas-Ezequiel-Galarza-Fonda;22 Años;1;Paraguay;Always Ready;18/10/2000;;;Portero;;
Gustavo-Leonardo-Claros-de-Souza;24 Años;12;Bolivia;Always Ready;4/3/1998;184;88;Portero;;
Carlos-Alexander-Mosquera-Blandón;28 Años;13;Colombia;Always Ready;19/10/1994;191;83;Portero;;
Jimmy-Leandro-Roca-Salazar;23 Años;23;Bolivia;Always Ready;4/3/1998;184;88;Portero;;
Leandro-Gareca-Fernández;31 Años;;Bolivia;Always Ready;23/6/1991;;;Defensa;;
Enrique-Taborga;20 Años;15;Bolivia;Always Ready;3/4/2002;;;Centrocampista;;
Jorge-Enrique-Flores-Yrahory;28 Años;19;Bolivia;Always Ready;1/2/1994;175;72;Defensa;Izquierda;
Alex-Enrique-Rambal-Ramírez;30 Años;21;Colombia;Always Ready;24/9/1992;183;70;Defensa;Derecha;
Pablo-Delmar-Vaca-Justiniano;20 Años;24;Bolivia;Always Ready;31/5/2002;181;77;Delantero;;
Nelson-David-Cabrera-Báez;39 Años;26;Bolivia;Always Ready;22/4/1983;191;84;Defensa;Derecha;
Diego-Daniel-Medina-Roman;20 Años;27;Bolivia;Always Ready;13/1/2002;;;Defensa;;Bolivia
Juan-Sergio-Adrián-Rodriguez;26 Años;29;Bolivia;Always Ready;8/3/1996;;;Defensa;;
Denilson-Choque;24 Años;33;Bolivia;Always Ready;23/9/1998;;;Defensa;;
Luis-Rivas;21 Años;;Bolivia;Always Ready;9/4/1994;168;68;Centrocampista;;
Sebastián-Matías-Claure-Sanz;23 Años;;Bolivia;Always Ready;26/10/1999;182;71;Centrocampista;;
Alejandro-Saúl-Chumacero-Bracamonte;31 Años;3;Bolivia;Always Ready;22/4/1991;164;60;Centrocampista;Derecha;
Marc-Francois-Enoumba;29 Años;4;Camerún;Always Ready;4/3/1993;183;81;Defensa;;Bolivia
Carmelo-Algarañaz-Añez;26 Años;7;Bolivia;Always Ready;27/1/1996;175;76;Delantero;;
Gustavo-Alberto-Cristaldo-Britez;33 Años;10;Paraguay;Always Ready;31/5/1989;169;65;Centrocampista;Izquierda;
Samuel-Galindo-Suheiro;30 Años;11;Bolivia;Always Ready;18/4/1992;190;70;Centrocampista;;
José-Carlos-Martínez-Garzón;20 Años;14;Bolivia;Always Ready;18/9/2002;;;Centrocampista;;
Juan-Carlos-Arce-Justiniano;37 Años;17;Bolivia;Always Ready;10/4/1985;176;70;Delantero;Derecha;
Dimar-Osvaldo-Ortega-Ojeda;27 Años;18;Bolivia;Always Ready;29/12/1994;182;76;Delantero;;
Denilson-Valda-Martinez;25 Años;22;Bolivia;Always Ready;21/6/1997;177;65;Defensa;;
Elkin-Blanco-Rivas;33 Años;23;Colombia;Always Ready;9/5/1989;179;79;Centrocampista;Derecha;
Juan-Pablo-Sanchez-Chanvey;31 Años;24;Bolivia;Always Ready;1/7/1991;;;Centrocampista;;
Gonzalo-Reynaldo-Añazgo;25 Años;28;Argentina;Always Ready;8/3/1997;;;Centrocampista;Izquierda;
Edwin-Rivera-Sifuentes;33 Años;30;Bolivia;Always Ready;1/9/1989;180;77;Centrocampista;;
Erik-Ariel-Cortez-Vargas;21 Años;38;Bolivia;Always Ready;12/3/2001;;;Centrocampista;;
Moises-Paniagua;15 Años;40;Bolivia;Always Ready;16/8/2007;;;Centrocampista;;
Matias-Galindo;16 Años;41;Bolivia;Always Ready;10/4/2006;;;Centrocampista;;
Edarlin-Reyes-Ureña;25 Años;99;República Dominicana;Always Ready;30/9/1997;175;68;Centrocampista;Izquierda;República Dominicana
Fernando-Adrián;32 Años;;Argentina;Always Ready;26/11/1989;;;Delantero;;
Rodrigo-Luis-Ramallo-Cornejo;32 Años;8;Bolivia;Always Ready;14/10/1990;178;70;Delantero;Derecha;Bolivia
Marcos-Daniel-Riquelme;34 Años;9;Argentina;Always Ready;18/2/1988;179;;Delantero;;
Roler-Ferrufino-Arauz;22 Años;20;Bolivia;Always Ready;10/10/2000;;;Delantero;;
Jonathan-Darwin-Borja-Colorado;28 Años;25;Ecuador;Always Ready;5/4/1994;171;;Centrocampista;;
Bryan-Wenceslao-Espinoza;19 Años;31;Bolivia;Always Ready;3/1/2003;;;Delantero;;
Alejandro-William-Torres-Suárez;24 Años;1;Bolivia;Atletico Palmaflor;18/3/1998;;;Portero;;
Gustavo-Salvatierra-García;30 Años;12;Bolivia;Atletico Palmaflor;24/5/1992;185;73;Portero;;
Edilson-Beimar-Vásquez-Flores;20 Años;23;Bolivia;Atletico Palmaflor;24/10/2002;;;Portero;;
Alexander-Pinto;25 Años;;Bolivia;Atletico Palmaflor;11/4/1997;;;Defensa;;
Diego-Valencia;29 Años;;Bolivia;Atletico Palmaflor;28/4/1993;;;Defensa;;
Jennry-Alaca-Maconde;35 Años;3;Bolivia;Atletico Palmaflor;14/11/1986;175;74;Delantero;;
Iván-Gonzálo-Vidaurre-Mejía;35 Años;4;Bolivia;Atletico Palmaflor;2/2/1987;;;Centrocampista;;
Pablo-Elías-Pedraza-Bustos;27 Años;6;Bolivia;Atletico Palmaflor;10/3/1995;;;Defensa;;
Walter-Humberto-Rioja-Ugarte;29 Años;14;Bolivia;Atletico Palmaflor;26/8/1993;180;74;Defensa;;
Jordy-Joan-Candía-Zeballos;26 Años;21;Bolivia;Atletico Palmaflor;20/4/1996;179;72;Defensa;;
Joaquín-Adán-Lencinas;34 Años;26;Argentina;Atletico Palmaflor;11/5/1988;182;80;Defensa;Derecha;
Allans-Josué-Vargas-Murillo;29 Años;27;Honduras;Atletico Palmaflor;25/9/1993;184;;Defensa;;Honduras
Diego-Corpus-Marca;19 Años;37;Bolivia;Atletico Palmaflor;7/9/2003;;;Defensa;;
Ronaldo-Daniel-Arancibia-Cervantes;22 Años;2;Bolivia;Atletico Palmaflor;15/1/2000;;;Centrocampista;;
Santiago-Arce-Añazgo;22 Años;5;Bolivia;Atletico Palmaflor;30/5/2000;;;Centrocampista;;
Erlan-Boris-Condori-Galvarro;25 Años;8;Bolivia;Atletico Palmaflor;31/5/1997;;;Centrocampista;;
Igor-Soares-Santana;27 Años;10;Brasil;Atletico Palmaflor;13/7/1995;;;Centrocampista;;
Gerardo-Maximiliano-Gómez;34 Años;11;Argentina;Atletico Palmaflor;3/1/1988;180;69;Centrocampista;Derecha;
Eddin-Apaza;26 Años;15;Bolivia;Atletico Palmaflor;12/6/1996;;;Centrocampista;;
Ariel-Juárez-Montaño;34 Años;15;Bolivia;Atletico Palmaflor;26/3/1988;166;61;Defensa;Derecha;
Didí-Torrico-Camacho;34 Años;17;Bolivia;Atletico Palmaflor;18/5/1988;177;74;Centrocampista;;
Adalid-Terrazas-Abasto;22 Años;19;Bolivia;Atletico Palmaflor;25/8/2000;175;62;Centrocampista;;
Amílcar-Álvaro-Sánchez-Guzmán;31 Años;20;Bolivia;Atletico Palmaflor;23/1/1991;166;68;Defensa;Derecha;
Denilzon-Ramallo-Arze;24 Años;22;Bolivia;Atletico Palmaflor;20/5/1998;;;Delantero;;
Jose-Andres-Alipaz;;24;Bolivia;Atletico Palmaflor;;;;Centrocampista;;
Stiven-Josue-Vargas-Chavez;20 Años;27;Bolivia;Atletico Palmaflor;1/3/2002;;;Centrocampista;;
Deybi-Shidain-Ancieta-Lara;19 Años;32;Bolivia;Atletico Palmaflor;14/11/2002;;;Centrocampista;;
Shedeer-Cadima;26 Años;;Bolivia;Atletico Palmaflor;16/7/1996;;63;Delantero;;
Ruben-Solares;30 Años;;Bolivia;Atletico Palmaflor;15/2/1992;;;Delantero;;
Freddy-Alessandro-Abastoflor-Molina;29 Años;7;Bolivia;Atletico Palmaflor;10/1/1993;178;66;Centrocampista;;
Wesley-Tanque-da-Silva;26 Años;9;Brasil;Atletico Palmaflor;14/7/1996;186;85;Delantero;;
Bismark-Ubah;28 Años;16;Nigeria;Atletico Palmaflor;5/1/1994;;;Delantero;;
Jean-Christophe-Bahebeck;29 Años;18;Francia;Atletico Palmaflor;1/5/1993;182;76;Delantero;Derecha;
Balamine-Savane;30 Años;25;Francia;Atletico Palmaflor;15/1/1992;;;Delantero;;
Erverson-Luís-dos-Santos-Alves;24 Años;30;Brasil;Atletico Palmaflor;18/1/1998;;;Delantero;;
Carlos-Aurelio-López-Rubio;31 Años;;México;Aurora;21/3/1991;187;78;Portero;Derecha;
Agustín-Sebastián-Cousillas;32 Años;1;Argentina;Aurora;19/4/1990;182;77;Portero;Derecha;
David-Joel-Torrico-Claros;36 Años;13;Bolivia;Aurora;24/10/1986;173;65;Portero;;
David-Akologo;24 Años;99;Ghana;Aurora;15/11/1997;;;Portero;;
Dico-Andrés-Roca-Montaño;26 Años;;Bolivia;Aurora;22/10/1996;172;67;Defensa;;
Luis-Fernando-Copete-Murillo;33 Años;;Nicaragua;Aurora;12/2/1989;187;86;Defensa;Derecha;
Daniel-Nicoll-Taboada-Caballero;32 Años;2;Bolivia;Aurora;8/6/1990;177;67;Defensa;;
Luis-René-Barboza-Quiróz;29 Años;3;Bolivia;Aurora;2/4/1993;176;73;Defensa;Derecha;
Fernando-Aguilar-Dorado;25 Años;4;Bolivia;Aurora;11/4/1997;;;Centrocampista;;
Carlos-Leonardo-Cejas-Albis;18 Años;6;Bolivia;Aurora;10/1/2004;;;Defensa;;
Jair-Torrico-Camacho;36 Años;12;Bolivia;Aurora;2/9/1986;174;70;Defensa;;
Sebastián-Zaracho;23 Años;15;Paraguay;Aurora;20/1/1999;186;74;Defensa;;
Edward-Mauro-Zenteno-Álvarez;37 Años;22;Bolivia;Aurora;5/12/1984;182;75;Defensa;;
Diago-Giménez-Flamminini;25 Años;32;Argentina;Aurora;1/5/1997;;;Defensa;Izquierda;
Marcelo-Flores;30 Años;36;Bolivia;Aurora;17/10/1993;;;Centrocampista;;
Paolo-Andrés-Alcocer-Rojas;22 Años;5;Bolivia;Aurora;3/9/2000;;;Centrocampista;;
Darío-Osmar-Torrico-Espejo;22 Años;10;Bolivia;Aurora;18/10/2000;;;Centrocampista;;
Leonardo-Vaca-Gutiérrez;26 Años;11;Bolivia;Aurora;24/11/1995;;;Centrocampista;;
Brayan-Aranibar-Zenteno;24 Años;14;Bolivia;Aurora;15/7/1998;;;Centrocampista;;
Maximiliano-Francisco-Lugo;32 Años;16;Argentina;Aurora;4/12/1989;;;Defensa;Izquierda;
Jaime-Alberto-Cornejo-Valencia;28 Años;17;Bolivia;Aurora;20/9/1994;;;Centrocampista;;
Pablo-Enrique-Anibarro-Pinto;24 Años;18;Bolivia;Aurora;17/11/1997;;;Centrocampista;;
Gabriel-Montaño-Moizán;17 Años;19;Bolivia;Aurora;15/2/2005;;;Delantero;;
Miguel-Alejandro-Quiroga-Castillo;31 Años;20;Bolivia;Aurora;15/9/1991;175;68;Centrocampista;;
Luis-René-Barboza;29 Años;22;Bolivia;Aurora;2/4/1993;;;Centrocampista;;
Simón-Bebeto-García-Vivancos;23 Años;23;Bolivia;Aurora;9/7/1999;;;Defensa;Izquierda;
Enrique-Flores-Patiño;20 Años;24;Bolivia;Aurora;1/5/2002;167;62;Centrocampista;;
Leandro-Marcelo-Maygua-Ríos;30 Años;26;Bolivia;Aurora;12/9/1992;175;63;Centrocampista;Derecha;
Omar-Jesus-Morales-Paz;34 Años;28;Bolivia;Aurora;18/1/1988;;;Centrocampista;;
Enrique-Troncoso-Caiti;21 Años;33;Bolivia;Aurora;5/8/2001;184;79;Centrocampista;;
Favio-Galvarro;28 Años;37;Bolivia;Aurora;26/7/1994;187;;Portero;Izquierda;
Robin-Raúl-Ramos-García;24 Años;;Venezuela;Aurora;5/8/1998;170;62;Delantero;Derecha;
José-Carlos-Muñoz-López;28 Años;;Bolivia;Aurora;21/9/1994;;;Delantero;;
Oswaldo-Enrique-Blanco-Mancilla;32 Años;7;Colombia;Aurora;21/5/1990;184;85;Delantero;Derecha;
Sergio-Alejandro-Moruno-Antezana;29 Años;8;Bolivia;Aurora;8/6/1993;171;66;Delantero;;
Denis-Franklin-Pinto-Saavedra;27 Años;9;Bolivia;Aurora;25/8/1995;;;Delantero;;
Alejandro-Martín-Barrón-Pinheiro;23 Años;16;Bolivia;Aurora;27/7/1999;178;68;Delantero;;
Thabiso-Nelson-Brown;28 Años;21;Lesoto;Aurora;5/3/1994;;;Delantero;;
Kevin-De-Souza;23 Años;21;Brasil;Aurora;29/9/1999;;;Delantero;;
Enzo-Damián-Maidana;34 Años;27;Argentina;Aurora;13/1/1988;187;75;Delantero;Derecha;
Pedro-Fabián-Muné;24 Años;29;Argentina;Aurora;17/11/1997;;;Delantero;;
Marcelo-Portuncho;23 Años;39;Bolivia;Aurora;27/3/1999;;;Centrocampista;;
Viviani-Ancieta;21 Años;77;Bolivia;Aurora;15/1/2001;;;Delantero;;
Braulio-Uraezaña-Cuñaendi;27 Años;1;Bolivia;Blooming;26/3/1995;186;80;Portero;;
Carlos-Felipe-Jiménez-Toledo;20 Años;12;Bolivia;Blooming;11/11/2001;;;Portero;;
José-Feliciano-Peñarrieta-Flores;33 Años;13;Bolivia;Blooming;18/11/1988;185;80;Portero;Derecha;
Brayan-Sosa;;;Bolivia;Blooming;;;;Defensa;;
Fabián-Marcelo-Mendieta-Peña;27 Años;;Bolivia;Blooming;11/9/1995;;;Defensa;;
Jesús-Manuel-Sagredo-Chávez;28 Años;2;Bolivia;Blooming;10/3/1994;;;Defensa;;
Saúl-Wilfredo-Severiche-Cuellar;20 Años;3;Bolivia;Blooming;17/5/2002;177;73;Defensa;;
Ervin-Ernesto-Montero-Antelo;21 Años;5;Bolivia;Blooming;16/11/2000;;;Centrocampista;;
Erwin-Junior-Sánchez-Paniagua;30 Años;19;Bolivia;Blooming;23/7/1992;198;77;Centrocampista;;
Nahuel-Nicolás-Iribarren;34 Años;21;Argentina;Blooming;2/2/1988;182;80;Defensa;;
Gustavo-Alexis-Visalla-Condori;19 Años;26;Bolivia;Blooming;8/11/2002;174;66;Defensa;;
Abraham-Cabrera-Scapin;31 Años;31;Bolivia;Blooming;20/2/1991;180;77;Defensa;Izquierda;
Darlan-Noronha-Lopes;23 Años;44;Brasil;Blooming;1/4/1999;;;Defensa;;
Guilmar-Centella-Bazan;17 Años;;Bolivia;Blooming;26/3/2005;160;59;Centrocampista;;
James-Alfredo-Kremser-Trujillo;20 Años;;Bolivia;Blooming;25/3/2002;;;Centrocampista;;
Richard-Spenhay-Arauz;25 Años;6;Bolivia;Blooming;9/9/1997;;;Centrocampista;;
Cristian-Paul-Arano-Ruiz;27 Años;8;Bolivia;Blooming;23/2/1995;187;70;Centrocampista;;
Joselito-Vaca-Velasco;40 Años;10;Bolivia;Blooming;12/8/1982;168;60;Centrocampista;Derecha;
Julio-Héctor-Herrera-Farel;23 Años;11;Bolivia;Blooming;11/2/1999;;;Centrocampista;;
Pablo-César-Luján-García;19 Años;14;Bolivia;Blooming;26/2/2003;;;Centrocampista;;
Rafinha;30 Años;15;Brasil;Blooming;20/12/1991;174;65;Centrocampista;;
José-Fernando-Arismendi-Peralta;31 Años;16;Uruguay;Blooming;31/3/1991;175;70;Centrocampista;Derecha;
Christian-Marcelo-Latorre-Long;35 Años;18;Uruguay;Blooming;17/4/1987;185;75;Centrocampista;Derecha;
Edward-Vaca-Hurtado;23 Años;20;Bolivia;Blooming;30/9/1999;171;65;Centrocampista;;
Junior-Ariel-Brítez-Chaves;25 Años;23;Paraguay;Blooming;19/1/1997;171;67;Centrocampista;;
Jorge-Eduardo-Lovera;25 Años;24;Bolivia;Blooming;18/4/1997;;77;Centrocampista;;
Rodrigo-Asur-Orihuela-Rivero;19 Años;24;Bolivia;Blooming;28/8/2003;;;Centrocampista;;
Clody-Junior-Menacho-Salvatierra;20 Años;25;Bolivia;Blooming;8/11/2001;;;Centrocampista;;
César-Benjamín-Romero-Ortíz;21 Años;30;Bolivia;Blooming;3/8/2001;;;Centrocampista;;
José-María-Carrasco-Sanguino;25 Años;55;Bolivia;Blooming;16/8/1997;186;78;Centrocampista;Derecha;
Matheo-Becerra-Suarez-Arana;17 Años;;Bolivia;Blooming;1/6/2005;180;68;Delantero;;
Denilson-Durán-Zabala;19 Años;4;Bolivia;Blooming;24/3/2003;175;68;Delantero;;
Jefferson-Tavares-da-Silva;32 Años;9;Brasil;Blooming;22/11/1989;187;92;Delantero;Derecha;
Jorge-Nelson-Orozco-Quiroga;22 Años;22;Bolivia;Blooming;24/1/2000;;;Delantero;;
Marcelo-De-Lima-Castro;17 Años;27;Bolivia;Blooming;8/4/2005;175;73;Defensa;;
Santos-Rodrigo-Navarro-Arteaga;31 Años;32;Bolivia;Blooming;20/11/1990;;;Centrocampista;;
Sergio-Andres-Ferreira-Rojas;18 Años;33;Bolivia;Blooming;17/11/2003;181;73;Delantero;;
Ramiro-Eguez-Lima;18 Años;38;Bolivia;Blooming;16/3/2004;;;Centrocampista;;
Javier-Rojas-Iguaro;26 Años;1;Bolivia;Bolivar;14/1/1996;186;88;Portero;;
Rubén-Cordano-Justiniano;24 Años;12;Bolivia;Bolivar;16/10/1998;185;74;Portero;;
Carlos-Mauricio-Adorno-Patiño;21 Años;25;Bolivia;Bolivar;3/4/2001;;;Portero;;
César-Henrique-Martins;29 Años;2;Brasil;Bolivar;28/12/1992;190;77;Defensa;Derecha;
José-Manuel-Sagredo-Chávez;28 Años;4;Bolivia;Bolivar;10/3/1994;180;76;Defensa;;Bolivia
Juan-Sebastián-Reyes-Farrel;25 Años;5;Bolivia;Bolivar;12/3/1997;189;74;Defensa;;
Jean-Pool-Cartagena-Montaño;23 Años;30;Bolivia;Bolivar;5/5/1999;187;66;Defensa;;
Luis-Fernando-Haquín-Lopez;24 Años;30;Bolivia;Bolivar;15/11/1997;190;76;Defensa;Derecha;Bolivia
Christian-Osinaga;18 Años;33;Bolivia;Bolivar;21/1/2004;;;Defensa;;
Clemison-Junior-Da-Silva-Castaneta;19 Años;36;Bolivia;Bolivar;8/4/2003;;;Centrocampista;;
Marcelo-Fabián-Benítez;33 Años;;Argentina;Bolivar;29/5/1989;177;;Centrocampista;Derecha;
Yomar-Rocha;;;Bolivia;Bolivar;;;;Centrocampista;;
Diego-Bejarano-Ibañez;31 Años;8;Bolivia;Bolivar;24/8/1991;174;70;Defensa;Derecha;Bolivia
Kevin-Francisco-Salvatierra-Flores;21 Años;10;Bolivia;Bolivar;5/8/2001;;;Centrocampista;;
Yomar-Rene-Rocha-Rodriguez;19 Años;14;Bolivia;Bolivar;23/6/2003;178;61;Centrocampista;;
Gabriel-Alejandro-Villamíl-Cortéz;21 Años;15;Bolivia;Bolivar;28/6/2001;;;Centrocampista;;Bolivia
Carlos-Antonio-Melgar-Vargas;27 Años;18;Bolivia;Bolivar;4/11/1994;170;69;Centrocampista;;
Alberto-Guitián-Ceballos;32 Años;20;España;Bolivar;29/7/1990;182;74;Defensa;Derecha;
Roberto-Carlos-Fernández-Toro;23 Años;21;Bolivia;Bolivar;12/7/1999;175;70;Defensa;Izquierda;Bolivia
Leonel-Justiniano-Arauz;30 Años;23;Bolivia;Bolivar;2/7/1992;172;70;Centrocampista;Derecha;Bolivia
Javier-Uzeda-Alderete;20 Años;24;Bolivia;Bolivar;31/7/2002;;;Centrocampista;;
Rai-Pablo-Lima-Martínez;22 Años;26;Bolivia;Bolivar;6/4/2000;;;Centrocampista;;
Juan-Pablo-Magallanes-Ribera;19 Años;28;Bolivia;Bolivar;2/1/2003;;;Centrocampista;;
Moisés-Villarroel-Angúlo;24 Años;29;Bolivia;Bolivar;7/9/1998;177;74;Centrocampista;Izquierda;Bolivia
Leonardo-Velasco;19 Años;32;Bolivia;Bolivar;2/2/2003;;;Centrocampista;;
Santiago-Paz;18 Años;35;Bolivia;Bolivar;6/10/1996;;;Centrocampista;;
Maykool-Tellez;19 Años;37;Bolivia;Bolivar;26/7/2003;;;Centrocampista;;
Luiz-Fernando-Paz-Vargas;18 Años;38;Bolivia;Bolivar;9/6/2004;;;Defensa;;
Jose-Peralta;20 Años;40;Bolivia;Bolivar;3/4/2002;;;Centrocampista;;
Jhair-Alvaro-Cordova-Rivas;19 Años;41;Bolivia;Bolivar;27/1/2003;175;;Centrocampista;Izquierda;
Abel-Chavez;19 Años;44;Bolivia;Bolivar;3/9/2003;;;Centrocampista;;
Leonardo-Arana;18 Años;45;Bolivia;Bolivar;7/5/2004;;;Centrocampista;;
Reyes-Camacho;19 Años;46;Bolivia;Bolivar;20/1/2003;;;Centrocampista;;
Yeferson-Mamani;17 Años;47;Bolivia;Bolivar;10/5/2005;;;Centrocampista;;
Alejandro-Polo;18 Años;48;Bolivia;Bolivar;23/6/2004;;;Centrocampista;;
Sergio-Gómez;;51;Bolivia;Bolivar;;;;Centrocampista;;
Jhon-Cristian-Velásquez;19 Años;;Bolivia;Bolivar;22/4/2003;;;Delantero;;
Victor-Alonso-Ábrego-Aguilera;25 Años;7;Bolivia;Bolivar;11/2/1997;176;69;Delantero;;
Lucas-Leónidas-Chávez-Cruz;19 Años;9;Bolivia;Bolivar;17/4/2003;170;63;Delantero;;
Miguel-Ángel-Villarroel-Tardio;19 Años;16;Bolivia;Bolivar;10/1/2003;173;65;Centrocampista;;
Patricio-Julián-Rodríguez;32 Años;17;Argentina;Bolivar;4/5/1990;170;60;Delantero;Derecha;
Francisco-da-Costa-Aragão;27 Años;19;Brasil;Bolivar;5/5/1995;184;83;Delantero;;
Sebastián-Melgar-Parada;21 Años;31;Bolivia;Bolivar;16/7/2001;;;Delantero;;
Elder-Arauz-Saucedo;32 Años;1;Bolivia;Guabirá;23/4/1990;;;Portero;;
Jattab-Manuel-Ferrel-Aguilera;21 Años;12;Bolivia;Guabirá;23/9/2001;;;Portero;;
Jhon-Jairo-Cuellar-Vaca;23 Años;25;Bolivia;Guabirá;15/10/1999;184;72;Portero;;Bolivia
Mauricio-Cabral-Rivero;21 Años;2;Bolivia;Guabirá;5/11/2000;175;68;Defensa;;
Fran-Geral-Supayabe-Alpiri;26 Años;3;Bolivia;Guabirá;12/1/1996;178;74;Defensa;;
Jefferson-Ibáñez;27 Años;15;Bolivia;Guabirá;12/2/1995;181;79;Defensa;;
Carlos-Andrés-Chore-Aguilera;22 Años;16;Bolivia;Guabirá;3/6/2000;;;Defensa;;
Juan-Carlos-Zampiery-Rivarola;33 Años;17;Bolivia;Guabirá;28/9/1989;;;Defensa;Derecha;
Luis-Enrique-Hurtado-Badani;29 Años;20;Bolivia;Guabirá;27/9/1993;;;Defensa;Izquierda;
Merardo-David-Robles-Amarilla;31 Años;24;Paraguay;Guabirá;24/9/1991;;;Defensa;;
Nelson-Avelino-Amarilla-Bogado;35 Años;29;Paraguay;Guabirá;20/7/1987;;;Defensa;;
Walter-Emilio-Antelo-Yncian;22 Años;33;Bolivia;Guabirá;9/10/2000;184;95;Defensa;;
Harry-Céspedes-Velasco;24 Años;35;Bolivia;Guabirá;27/7/1998;176;72;Defensa;;
Paolo-Andrés-Alcocer;22 Años;;EEUU;Guabirá;3/9/2000;;;Centrocampista;;
Josué-Hoyos;;;Bolivia;Guabirá;;;;Centrocampista;;
Matias-Ezequiel-Notta-Reynoso;26 Años;4;Bolivia;Guabirá;23/6/1996;180;79;Centrocampista;;
Alvaro-Daniel-Quiroga-Sardina;27 Años;6;Bolivia;Guabirá;17/6/1995;160;;Centrocampista;;
Alejandro-Melean-Villarroel;35 Años;8;Bolivia;Guabirá;16/6/1987;183;79;Defensa;;
Hugo-Denar-Salvatierra-Saucedo;19 Años;13;Bolivia;Guabirá;15/1/2003;;;Centrocampista;;
Brahian-Egüez-Flores;30 Años;18;Bolivia;Guabirá;14/5/1992;;;Centrocampista;;
Jhon-Jairo-Velasco-Chavez;18 Años;19;Bolivia;Guabirá;8/3/2004;;;Centrocampista;;Bolivia
Diego-Josué-Hoyos-Carrillo;30 Años;22;Bolivia;Guabirá;29/9/1992;;;Centrocampista;;
Elio-Sebastian-Salazar-Suárez;21 Años;28;Bolivia;Guabirá;16/6/2001;;;Centrocampista;;
Carlos-Mateo-Abastoflor-Aguilera;20 Años;30;Bolivia;Guabirá;9/4/2002;;;Centrocampista;;
José-Andrés-Rodríguez-Cortez;23 Años;34;Bolivia;Guabirá;5/10/1999;;;Centrocampista;;
Diego-Martín-Alaníz-Ávila;29 Años;50;Uruguay;Guabirá;19/2/1993;175;72;Centrocampista;Izquierda;
Jousé-Arias;;;Bolivia;Guabirá;;;;Delantero;;
Gustavo-Peredo-Ortíz;22 Años;7;Bolivia;Guabirá;7/4/2000;;;Delantero;;
Luís-Leal-dos-Anjos;35 Años;9;Santo Tomé y Príncipe;Guabirá;29/5/1987;176;75;Delantero;Derecha;Santo Tomé y Príncipe
Juan-Carlos-Montenegro-Sedamano;25 Años;10;Bolivia;Guabirá;4/2/1997;165;58;Delantero;;
Paulo-Eduardo-Carvalho;24 Años;11;Brasil;Guabirá;31/10/1997;180;70;Delantero;Derecha;
Angel-Vaca-Pesoa;20 Años;21;Bolivia;Guabirá;3/1/2002;;;Delantero;;
Layonel-Figueroa-Prado;23 Años;27;Bolivia;Guabirá;6/7/1999;170;72;Centrocampista;;
Brayan-Alexander-Parada-Sosa;20 Años;32;Bolivia;Guabirá;8/3/2002;;;Delantero;;
Rudy-Andres-Colodro-Bejarano;21 Años;35;Bolivia;Guabirá;4/2/2001;;;Delantero;;
Rodrigo-Ruiz-Díaz-Molinas;23 Años;42;Paraguay;Guabirá;15/1/1999;184;81;Delantero;;
Pedro-Miguel-Castedo-Aguilera;32 Años;;Bolivia;Independiente;13/3/1990;;;Portero;;
Hugo-Brayan-Ayala-Palza;27 Años;1;Bolivia;Independiente;22/11/1994;;;Portero;;
Luis-Fernando-Cárdenas-Montenegro;31 Años;12;Bolivia;Independiente;6/2/1991;177;77;Portero;;
Germán-Arauz-Saucedo;27 Años;13;Bolivia;Independiente;25/5/1995;181;90;Portero;;
Dayler-Quintela-Yucra;20 Años;23;Bolivia;Independiente;5/5/2002;;;Portero;;
Cristhian-Rodrigo-Choque-Mora;21 Años;;Bolivia;Independiente;4/9/2001;;;Defensa;;
Enrique-David-Díaz-Velázquez;40 Años;5;Uruguay;Independiente;4/9/1982;192;82;Defensa;;
Janeiler-Rivas-Palacios;34 Años;5;Colombia;Independiente;18/5/1988;194;80;Defensa;Derecha;
Martín-Alejandro-Chiatti;29 Años;6;Argentina;Independiente;1/12/1992;185;77;Defensa;;
Richard-Marco-Fernández-Barrientos;20 Años;24;Bolivia;Independiente;3/8/2002;;;Defensa;;
Oscar-Leandro-Ribera-Guzmán;30 Años;28;Bolivia;Independiente;11/2/1992;175;70;Defensa;;
Francisco-Evelio-Silva-Cabrera;32 Años;32;Paraguay;Independiente;18/10/1990;179;77;Defensa;Derecha;
Heber-Edgar-Leaños;32 Años;32;Bolivia;Independiente;10/6/1990;175;66;Defensa;;
Joaquín-Barrientos;;40;Bolivia;Independiente;;;;Defensa;;
Emerson-Velásquez-Bento;23 Años;3;Bolivia;Independiente;24/2/1999;;;Centrocampista;;
Víctor-Hugo-Melgar-Bejarano;34 Años;7;Bolivia;Independiente;28/2/1988;171;71;Centrocampista;;
Mijaíl-Alexander-Avilés-Flores;35 Años;8;Venezuela;Independiente;5/6/1987;180;78;Centrocampista;Ambidiestro;
Jhasmani-Campos-Dávalos;34 Años;10;Bolivia;Independiente;10/5/1988;174;64;Centrocampista;Izquierda;
Juan-Sinforiano-Godoy-Viñales;29 Años;11;Paraguay;Independiente;23/6/1993;;;Centrocampista;;
Carlos-Augusto-Junior-Florenciañez-Vera;28 Años;13;Paraguay;Independiente;9/5/1994;;;Centrocampista;;
Antonio-Thomaz-Santos-de-Barros;36 Años;15;Brasil;Independiente;2/5/1986;177;74;Delantero;Derecha;
Yesit-Martínez-Salazar;20 Años;16;Bolivia;Independiente;31/1/2002;170;;Centrocampista;Izquierda;
Helmut-Enrique-Gutiérrez-Zapana;38 Años;17;Bolivia;Independiente;2/7/1984;178;74;Centrocampista;Derecha;
Gustavo-Pinedo-Zabala;34 Años;18;Bolivia;Independiente;18/2/1988;172;65;Centrocampista;Derecha;
Tobías-Andre-Moriceau;25 Años;20;Argentina;Independiente;9/4/1997;;;Centrocampista;;
Joel-Bejarano-Azogue;26 Años;21;Bolivia;Independiente;21/3/1996;;;Centrocampista;;
William-Marco-Velasco-Quiroz;22 Años;26;Bolivia;Independiente;21/4/2000;;;Centrocampista;;
René-Alejandro-Bejarano-Sajama;38 Años;30;Bolivia;Independiente;21/6/1984;;;Centrocampista;;
Emerson-Claros-Rodriguez;22 Años;35;Bolivia;Independiente;14/2/2000;;;Centrocampista;;
Juan-Pablo-Molina-Tosube;;38;Bolivia;Independiente;;;;Centrocampista;;
Leonel-Alexander-Buter;29 Años;9;Argentina;Independiente;27/1/1993;185;78;Delantero;Derecha;
Alejandro-Medina-Suárez;26 Años;19;Bolivia;Independiente;13/9/1996;;;Delantero;;
Robin-Ariel-Ramírez-González;32 Años;22;Paraguay;Independiente;11/11/1989;171;70;Delantero;Derecha;
Jonathan-Ezequiel-Cristaldo;33 Años;33;Argentina;Independiente;5/3/1989;175;70;Delantero;Derecha;
Matías-Romero-Andrade;20 Años;45;Bolivia;Independiente;19/2/2002;174;68;Delantero;;
Saidt-Mustafá-Céspedes;32 Años;1;Bolivia;Nacional Potosí;26/11/1989;187;75;Portero;;
Diego-Valdivia-Ascarrunz;21 Años;22;Bolivia;Nacional Potosí;14/4/2001;186;78;Portero;;
Nickolas-Cay-Torrez-Peña;21 Años;24;Bolivia;Nacional Potosí;30/4/2001;;;Portero;;
David-Alonso-Valencia-Figueroa;31 Años;5;Colombia;Nacional Potosí;31/5/1991;185;75;Defensa;Derecha;
Cristian-Marcelo-Álvarez;30 Años;10;Argentina;Nacional Potosí;28/9/1992;174;71;Centrocampista;Derecha;
Óscar-Añez-Urachianta;32 Años;14;Bolivia;Nacional Potosí;23/7/1990;;;Defensa;;
Jorge-Marcos-Andia-Pizarro;34 Años;15;Bolivia;Nacional Potosí;8/2/1988;;;Centrocampista;;
Víctor-Martín-Galain-Pécora;33 Años;18;Uruguay;Nacional Potosí;2/3/1989;183;79;Defensa;Derecha;
Óscar-Junior-Baldomar-Roca;26 Años;20;Bolivia;Nacional Potosí;16/2/1996;179;68;Defensa;;
Cristhian-Michael-Coimbra-Arias;33 Años;29;Bolivia;Nacional Potosí;31/12/1988;;;Defensa;;
Luis-Ángel-Flores-Pereira;20 Años;30;Bolivia;Nacional Potosí;19/9/2002;;;Defensa;;
Vladimir-Castellón;33 Años;;Bolivia;Nacional Potosí;8/8/1989;175;72;Centrocampista;;
Luis-Aníbal-Torrico-Valverde;36 Años;2;Bolivia;Nacional Potosí;14/9/1986;181;83;Defensa;Derecha;
Andrés-Torrico;18 Años;3;Bolivia;Nacional Potosí;10/8/2004;;;Centrocampista;;
Moises-Antonio-Silveti-Alborta;;4;Bolivia;Nacional Potosí;;;;Centrocampista;;
Víctor-Manuel-Cuellar-Salazar;22 Años;6;Bolivia;Nacional Potosí;23/9/2000;;;Centrocampista;;
Luis-Fernando-Pavia-Mamani;23 Años;8;Bolivia;Nacional Potosí;13/6/1999;170;60;Centrocampista;;
Daniel-Mancilla-Durán;31 Años;13;Bolivia;Nacional Potosí;17/2/1991;178;74;Defensa;;
Alexis-Hinestroza-Estacio;34 Años;16;Colombia;Nacional Potosí;28/8/1988;181;82;Centrocampista;Derecha;
Saulo-Henry-Guerra-Pérez;30 Años;17;Bolivia;Nacional Potosí;14/9/1992;175;70;Centrocampista;;
Miyhal-Anyelo-Ortiz-Burgos;21 Años;21;Bolivia;Nacional Potosí;22/10/2001;;;Centrocampista;;
Mario-Gabriel-Barbery-Gil;20 Años;23;Bolivia;Nacional Potosí;1/4/2002;;;Centrocampista;;
Junior-Kevin-Romay-Sanchez;28 Años;28;Bolivia;Nacional Potosí;17/4/1994;;;Delantero;;
Maximiliano-Ezequiel-Núñez;36 Años;7;Argentina;Nacional Potosí;17/9/1986;169;71;Delantero;Derecha;
Tommy-Tobar-Reyes;35 Años;9;Colombia;Nacional Potosí;21/11/1986;183;83;Delantero;Derecha;
Adalid-Aceituno-Vargas;32 Años;11;Bolivia;Nacional Potosí;2/9/1990;;;Delantero;;
Luis-Fernando-Saldías-Muños;25 Años;11;Bolivia;Nacional Potosí;27/2/1997;;;Delantero;;
William-Gustavo-Álvarez-Vargas;27 Años;19;Bolivia;Nacional Potosí;15/9/1995;184;76;Delantero;;
Alfredo-Alejandro-García-Escalante;20 Años;26;Bolivia;Nacional Potosí;7/3/2002;;;Delantero;;
Diego-Fernando-Navarro-Iturri;30 Años;27;Bolivia;Nacional Potosí;8/10/1992;179;66;Delantero;;
Wilson-Daniel-Quiñónez-Amarilla;34 Años;1;Paraguay;Oriente Petrolero;4/9/1988;184;86;Portero;;
Fabio-César-Rosales-Pérez;21 Años;12;Bolivia;Oriente Petrolero;6/4/2001;;;Portero;;
Bruno-Rivas-Reyes;22 Años;22;Bolivia;Oriente Petrolero;22/8/2000;;;Portero;;
Paolo-Eduardo-García-Aguilar;20 Años;40;Bolivia;Oriente Petrolero;21/6/2002;;;Portero;;
Wilfredo-Soleto-Vargas;26 Años;3;Bolivia;Oriente Petrolero;21/2/1996;;;Centrocampista;;
Marcelo-Sebastián-Suárez-Justiniano;20 Años;4;Bolivia;Oriente Petrolero;20/12/2001;;;Defensa;;
Maximiliano-Caire;34 Años;5;Argentina;Oriente Petrolero;12/7/1988;177;72;Defensa;Derecha;
Leandro-Agustín-Zazpe-Rodríguez;28 Años;13;Uruguay;Oriente Petrolero;29/4/1994;184;70;Defensa;Izquierda;
Carlos-Daniel-Roca-Avellaneda;25 Años;19;Bolivia;Oriente Petrolero;11/5/1997;;;Defensa;;
Sebastian-Alvarez-Vargas;21 Años;27;Bolivia;Oriente Petrolero;29/8/2001;;;Defensa;;
Adrián-Sandoval-López;22 Años;31;Bolivia;Oriente Petrolero;22/3/2000;;;Defensa;;
Ayrton-Cristhian-Paz-Terán;20 Años;32;Bolivia;Oriente Petrolero;28/9/2002;;;Defensa;;
Miguel-Ángel-Pérez-Cortez;26 Años;;Bolivia;Oriente Petrolero;10/6/1996;169;73;Centrocampista;;
Ricardo-Antonio-Sandoval-López;20 Años;2;Bolivia;Oriente Petrolero;6/11/2001;;;Centrocampista;;
Daniel-Rojas-Céspedes;22 Años;6;Bolivia;Oriente Petrolero;22/2/2000;;;Centrocampista;;
Víctor-Hugo-Dorrego-Coito;29 Años;7;Uruguay;Oriente Petrolero;9/5/1993;175;73;Centrocampista;Derecha;
Juan-Alexis-Ribera-Castillo;27 Años;8;Bolivia;Oriente Petrolero;15/8/1995;;;Centrocampista;;
Jorge-Iván-Correa;29 Años;10;Argentina;Oriente Petrolero;4/4/1993;170;65;Centrocampista;Izquierda;
Juan-Salvador-Bartolome-Mercado-Galvez;25 Años;14;Bolivia;Oriente Petrolero;6/1/1997;177;71;Defensa;;
Franz-Gonzales-Mejía;22 Años;15;Bolivia;Oriente Petrolero;26/6/2000;;;Centrocampista;;Bolivia
Miguel-Angel-Rios-Pinto;29 Años;17;Bolivia;Oriente Petrolero;17/11/1992;175;78;Centrocampista;;
Henry-Vaca-Urquisa;24 Años;18;Bolivia;Oriente Petrolero;27/1/1998;166;73;Centrocampista;;
Héctor-Ronaldo-Sánchez-Camaras;25 Años;21;Bolivia;Oriente Petrolero;24/4/1997;;;Centrocampista;;
Andre-Sandoval-López;24 Años;23;Bolivia;Oriente Petrolero;22/3/1998;;;Centrocampista;;
Jorge-Hugo-Rojas-Justiniano;28 Años;24;Bolivia;Oriente Petrolero;6/12/1993;;;Centrocampista;;
Cristhian-Alexseis-Arabe-Pedraza;30 Años;25;Bolivia;Oriente Petrolero;25/12/1991;;;Centrocampista;;
Raymundo-García-Méndez;19 Años;29;Bolivia;Oriente Petrolero;13/1/2003;;;Centrocampista;;
Jose-Jamir-Berdecio-Mendoza;20 Años;30;Bolivia;Oriente Petrolero;20/1/2002;;;Centrocampista;;
Esdras-Mendoza-dos-Santos;19 Años;34;Bolivia;Oriente Petrolero;9/10/2003;;;Centrocampista;;
Leonardo-Sánchez-Paniagua;24 Años;37;Bolivia;Oriente Petrolero;2/4/1998;;;Centrocampista;;
Yohan-Melgar;22 Años;38;Bolivia;Oriente Petrolero;30/12/1999;;;Centrocampista;;
Luis-Andrés-Zeballos-Barriento;20 Años;39;Bolivia;Oriente Petrolero;7/5/2002;;;Delantero;;
Cristhian-Daniel-Penayo-Villalba;20 Años;39;Bolivia;Oriente Petrolero;29/4/2002;;;Centrocampista;;
Alejandro-Ampuero;19 Años;42;Bolivia;Oriente Petrolero;20/3/2003;;;Centrocampista;;
Ferdy-Roca-Vivancos;22 Años;;Bolivia;Oriente Petrolero;24/3/2000;170;63;Delantero;;
Facundo-Ezequiel-Suárez;28 Años;9;Argentina;Oriente Petrolero;1/7/1994;;;Delantero;;
Freddy-Andrés-Roca-Vivancos;22 Años;11;Bolivia;Oriente Petrolero;24/3/2000;179;63;Delantero;Derecha;
Luis-Maki-Salces;27 Años;16;Argentina;Oriente Petrolero;25/11/1994;171;74;Delantero;Derecha;
José-Miguel-Briceño-Mercado;20 Años;18;Bolivia;Oriente Petrolero;20/1/2002;;;Delantero;;
Rodrigo-Saucedo-Zeballos;23 Años;20;Bolivia;Oriente Petrolero;11/3/1999;;;Delantero;;
Diego-Tobías-Cabrera-Amarilla;17 Años;28;Bolivia;Oriente Petrolero;29/1/2005;;;Centrocampista;;
Miguel-Ángel-Pérez-Ruiz;30 Años;;España;Real Santa Cruz;11/11/1991;185;82;Portero;;
Marco-Daniel-Vaca-Vélez;32 Años;1;Bolivia;Real Santa Cruz;10/3/1990;180;80;Portero;;
Junior-Fernando-Peña-Vargas;32 Años;13;Bolivia;Real Santa Cruz;27/3/1990;173;70;Portero;;
Sebastián-Angulo-Gamboa;30 Años;25;Colombia;Real Santa Cruz;3/5/1992;;;Portero;;
Omar-Ledezma;;36;Bolivia;Real Santa Cruz;;;;Portero;;
Carlos-Emanuel-Franco;30 Años;39;Argentina;Real Santa Cruz;3/1/1992;185;79;Portero;Derecha;
Leonan;27 Años;;Brasil;Real Santa Cruz;28/10/1995;174;64;Defensa;Izquierda;
José-Luis-Gutiérrez;31 Años;;Peru;Real Santa Cruz;19/3/1991;;;Defensa;;
Mario-Alberto-Cuéllar-Saavedra;33 Años;2;Bolivia;Real Santa Cruz;5/5/1989;;;Defensa;;
César-Manuel-García-Peralta;29 Años;3;República Dominicana;Real Santa Cruz;13/3/1993;;;Defensa;;República Dominicana
Brian-Alejandro-Hinojosa-Pinto;29 Años;4;Bolivia;Real Santa Cruz;12/8/1993;;;Defensa;;
Silvio-Gabriel-Torales-Castillo;31 Años;5;Paraguay;Real Santa Cruz;23/9/1991;176;72;Centrocampista;Derecha;
Jesús-Carlos-Flores-Vaca;26 Años;6;Bolivia;Real Santa Cruz;10/5/1996;177;67;Defensa;;
Roberto-Barbery;34 Años;15;Bolivia;Real Santa Cruz;12/8/1988;;;Defensa;;
Miguel-Ángel-Becerra-Vaca;29 Años;23;Bolivia;Real Santa Cruz;23/5/1993;;;Defensa;;
Ricardo-Suárez-Antelo;29 Años;28;Bolivia;Real Santa Cruz;23/10/1993;;;Defensa;;
Juan-Francisco-Rivero-Franco;33 Años;33;Bolivia;Real Santa Cruz;14/6/1989;189;85;Defensa;;
Samuel-Guzmán-Camargo;21 Años;;Bolivia;Real Santa Cruz;7/9/2001;176;72;Centrocampista;Izquierda;
Mario-Alberto-Ovando-Padilla;36 Años;6;Bolivia;Real Santa Cruz;9/11/1985;170;68;Centrocampista;;
Andree-Gustavo-Navia-Ríos;22 Años;7;Bolivia;Real Santa Cruz;3/7/2000;;;Centrocampista;;
Fernando-Rodríguez-Rendón;26 Años;8;Bolivia;Real Santa Cruz;11/1/1996;169;60;Centrocampista;;
José-Andrés-Veizaga-Vargas;25 Años;11;Bolivia;Real Santa Cruz;11/11/1996;177;73;Centrocampista;;
Angel-Andres-Gutierrez-Escalante;20 Años;13;Bolivia;Real Santa Cruz;13/1/2002;;;Centrocampista;;
Jorge-Antonio-Ortíz-Ortiz;38 Años;14;Bolivia;Real Santa Cruz;1/6/1984;173;79;Defensa;;
Wilman-Modesta;26 Años;19;República Dominicana;Real Santa Cruz;24/12/1995;;;Centrocampista;;
Alan-Jorge-Mercado-Berthalet;29 Años;20;Bolivia;Real Santa Cruz;27/7/1993;;;Delantero;;
Samuel-Guzman;26 Años;21;Bolivia;Real Santa Cruz;25/11/1995;;;Centrocampista;;
José-Antonio-Lanza;20 Años;22;Bolivia;Real Santa Cruz;19/11/2001;180;78;Centrocampista;Derecha;
Arturo-Urzagaste;22 Años;24;Bolivia;Real Santa Cruz;29/5/2000;;;Centrocampista;;
Luis-Daniel-Ardaya-Mancilla;20 Años;26;Bolivia;Real Santa Cruz;14/8/2002;;;Centrocampista;;
Jesús-Miguel-Vaca;;27;Bolivia;Real Santa Cruz;;;;Centrocampista;;
Damián-Emmanuel-Lizio;33 Años;30;Bolivia;Real Santa Cruz;30/6/1989;168;62;Centrocampista;Derecha;
Félix-Imanol-Cárdenas-López;22 Años;31;Bolivia;Real Santa Cruz;29/4/2000;;;Centrocampista;;
José-Alfredo-Lara-Moreno;18 Años;34;Bolivia;Real Santa Cruz;14/1/2004;;;Delantero;;
Samuel-Pozo-Challa;25 Años;35;Bolivia;Real Santa Cruz;23/7/1997;;;Centrocampista;;
Aldair-Davalos;19 Años;41;Bolivia;Real Santa Cruz;24/12/2002;;;Centrocampista;;
Mateo-Soliz;20 Años;45;Bolivia;Real Santa Cruz;9/2/2002;;;Centrocampista;;
Rodrigo-Alejandro-Lafuente;31 Años;;Bolivia;Real Santa Cruz;3/1/1991;181;77;Delantero;;
Rafael-Diaz;;;Bolivia;Real Santa Cruz;8/10/1991;183;72;Portero;;
Jamesley-Daniel;26 Años;;Haití;Real Santa Cruz;19/10/1996;;;Delantero;;
Jairo-Hestefano-Jean;24 Años;10;Haití;Real Santa Cruz;22/6/1998;;;Delantero;;
Diego-Javier-Pariani;29 Años;16;Argentina;Real Santa Cruz;8/8/1993;185;83;Delantero;Derecha;
Dorny-Alexander-Romero-Chalas;24 Años;17;República Dominicana;Real Santa Cruz;24/1/1998;190;61;Delantero;;
José-Rodolfo-Bravo-Roda;25 Años;18;Bolivia;Real Santa Cruz;10/8/1997;175;;Delantero;Derecha;
Darwin-Ríos-Pinto;31 Años;18;Bolivia;Real Santa Cruz;25/4/1991;;;Delantero;;
Kevin-Josué-Mina-Quiñónez;28 Años;40;Ecuador;Real Santa Cruz;2/11/1993;;;Centrocampista;;
Mariano-De-Souza;22 Años;1;Bolivia;Real Tomayapo;10/2/2000;;;Portero;;
Luis-Rodrigo-Banegas-Cury;26 Años;22;Bolivia;Real Tomayapo;8/11/1995;184;73;Portero;;
Pedro-Domingo-Galindo-Suheiro;27 Años;23;Bolivia;Real Tomayapo;13/4/1995;180;75;Portero;;
Enzo-Enrique-Estrada-Castillo;21 Años;2;Bolivia;Real Tomayapo;13/2/2001;;;Defensa;;
Juan-Pablo-Rioja;34 Años;2;Bolivia;Real Tomayapo;5/4/1988;178;78;Centrocampista;;
Pedro-Alex-Martínez-Flores;29 Años;3;Bolivia;Real Tomayapo;17/11/1992;;;Defensa;;
Leonardo-Justiniano-Valverde;21 Años;8;Bolivia;Real Tomayapo;20/7/2001;;;Defensa;;
Gustavo-Olguín-Mansilla;27 Años;20;Bolivia;Real Tomayapo;13/11/1994;;;Defensa;;
Dustin-Maldonado-Antelo;32 Años;4;Bolivia;Real Tomayapo;18/3/1990;;;Defensa;;
Leandro-Corulo;33 Años;5;Argentina;Real Tomayapo;2/6/1989;;;Defensa;;
Sergio-Fabián-Villamíl-Cortez;27 Años;6;Bolivia;Real Tomayapo;14/12/1994;;;Centrocampista;;
Thiago-Ribeiro-da-Silva-Vasconcelos;37 Años;7;Brasil;Real Tomayapo;23/1/1985;181;68;Centrocampista;;
Nicolás-Gabriel-Albarracín-Basil;29 Años;10;Uruguay;Real Tomayapo;11/6/1993;177;72;Centrocampista;Izquierda;
Mauricio-Chajtur-Molina;26 Años;11;Bolivia;Real Tomayapo;7/10/1996;;;Centrocampista;;
Rodrigo-Cabrera-Vera;25 Años;12;Bolivia;Real Tomayapo;6/2/1997;170;74;Delantero;;
Jefferson-Felliphe-Santos-Silva;24 Años;17;Brasil;Real Tomayapo;9/2/1998;168;56;Delantero;Izquierda;
Milton-Daniel-Garzón;21 Años;18;Bolivia;Real Tomayapo;24/4/2001;;;Centrocampista;;
Cristhian-Valencia;30 Años;21;Bolivia;Real Tomayapo;18/6/1992;;;Centrocampista;;
Christian-Henry-Valencia-Choque;30 Años;21;Bolivia;Real Tomayapo;18/6/1992;;;Centrocampista;;
Juan-Pablo-Alemán-Morales;32 Años;24;Bolivia;Real Tomayapo;4/5/1990;;;Defensa;;
Marcos-Antonio-Barrios-Guevara;27 Años;26;Bolivia;Real Tomayapo;23/2/1995;160;63;Centrocampista;;
Rivaldo-Omar-Méndez-Maraz;19 Años;32;Bolivia;Real Tomayapo;28/11/2002;;;Centrocampista;;
Emanuel-Ramos;22 Años;35;Bolivia;Real Tomayapo;26/4/2000;175;;Centrocampista;;
Santiago-Cuiza;20 Años;38;Bolivia;Real Tomayapo;16/6/2002;;;Defensa;;
Sebastian-Rivera-Gutierrez;;39;Bolivia;Real Tomayapo;;;;Centrocampista;;
Elias-Romero;18 Años;40;Bolivia;Real Tomayapo;23/12/2003;;;Centrocampista;;
Eber-Edison-Caicedo-Peralta;31 Años;9;Ecuador;Real Tomayapo;3/5/1991;;;Centrocampista;;
Carlos-Alvarado;18 Años;14;Bolivia;Real Tomayapo;12/2/2004;;;Delantero;;
Jhoel-Camilo-Mamani;22 Años;19;Bolivia;Real Tomayapo;25/12/1999;;;Delantero;;
Franco-Faustino-Arizala-Hurtado;36 Años;29;Colombia;Real Tomayapo;4/6/1986;180;77;Delantero;Derecha;
Bruno-Pascua-López;32 Años;30;España;Real Tomayapo;21/1/1990;172;60;Centrocampista;Izquierda;
Diego-Armando-Méndez-Salcedo;32 Años;1;Bolivia;Royal Pari;5/10/1990;174;77;Portero;;
Daniel-Vaca-Tasca;43 Años;12;Bolivia;Royal Pari;3/11/1978;175;65;Portero;;
Jorge-Araúz-Saucedo;27 Años;22;Bolivia;Royal Pari;15/3/1995;185;84;Portero;;
Joel-Bernal;;41;Bolivia;Royal Pari;;;;Portero;;
Diego-Samir-Valverde-Vaca;18 Años;2;Bolivia;Royal Pari;7/12/2003;;;Defensa;;
Jefferson-Virreira-Cossío;25 Años;3;Bolivia;Royal Pari;19/1/1997;184;71;Defensa;;
Luis-Alberto-Gutiérrez-Herrera;37 Años;5;Bolivia;Royal Pari;15/1/1985;180;77;Defensa;Izquierda;
Marvin-Orlando-Bejarano-Jiménez;34 Años;17;Bolivia;Royal Pari;6/3/1988;172;70;Defensa;Izquierda;
Widen-Saucedo-Candia;25 Años;21;Bolivia;Royal Pari;1/3/1997;171;63;Defensa;;
Guimer-Justiniano-Osorio;33 Años;24;Bolivia;Royal Pari;29/6/1989;186;80;Defensa;;
Diego-Valdivia;21 Años;;Bolivia;Royal Pari;14/4/2001;;;Centrocampista;;
Christian-Enrique-Cepeda;31 Años;4;Argentina;Royal Pari;5/2/1991;184;80;Defensa;;
Pedro-Jesús-Azogue-Rojas;27 Años;6;Bolivia;Royal Pari;6/12/1994;176;76;Centrocampista;;
José-Luis-Chávez-Sanchez;36 Años;8;Bolivia;Royal Pari;18/5/1986;174;80;Centrocampista;;
Jose-Andres-Chavez;17 Años;8;Bolivia;Royal Pari;9/9/2005;;;Defensa;;
John-Fredy-Pérez-Lizarazo;34 Años;10;Colombia;Royal Pari;22/7/1988;174;65;Centrocampista;Derecha;
John-Elian-García-Sossa;22 Años;11;Bolivia;Royal Pari;13/4/2000;;;Centrocampista;;
Carlos-Abelardo-Ribera-Guzman;25 Años;14;Bolivia;Royal Pari;6/2/1997;;;Centrocampista;;
Dioggo-Isita-Mano;19 Años;15;Bolivia;Royal Pari;12/3/2003;;;Delantero;;
Mirko-Tomianovic-Becerra;21 Años;16;Bolivia;Royal Pari;1/10/2001;167;68;Centrocampista;;
Andrés-Moreno;20 Años;25;Bolivia;Royal Pari;9/10/2002;;;Centrocampista;;
Hernán-Luis-Rodríguez-Rodríguez;26 Años;26;Bolivia;Royal Pari;9/5/1996;175;77;Centrocampista;;
Omar-Pedro-Siles-Canda;29 Años;27;Bolivia;Royal Pari;15/11/1992;184;67;Centrocampista;;
Reinaldo-Parada-Pérez;27 Años;;Bolivia;Royal Pari;17/1/1995;;;Delantero;;
Yony-Javier-Angulo-Viveros;33 Años;;Colombia;Royal Pari;28/9/1989;181;78;Delantero;Derecha;
Emanuel-Joel-Amoroso;34 Años;7;Argentina;Royal Pari;8/1/1988;185;73;Centrocampista;Derecha;
José-Érik-Correa-Villero;30 Años;9;Colombia;Royal Pari;20/7/1992;185;85;Delantero;Derecha;
David-Ribera-Viana;21 Años;18;Bolivia;Royal Pari;19/1/2001;174;74;Delantero;;
Gilbert-Álvarez-Vargas;30 Años;19;Bolivia;Royal Pari;7/4/1992;187;85;Delantero;Derecha;
Rudy-Alejandro-Cardozo-Fernández;32 Años;20;Bolivia;Royal Pari;14/2/1990;171;70;Centrocampista;Izquierda;Bolivia
Miguel-Ángel-Murillo-García;29 Años;29;Colombia;Royal Pari;19/10/1993;184;80;Delantero;Derecha;
Esteban-Gabriel-Orfano;30 Años;30;Argentina;Royal Pari;13/1/1992;172;76;Delantero;Derecha;
Fabricio-Suárez-Cortez;19 Años;33;Bolivia;Royal Pari;2/9/2003;176;71;Delantero;;
Yefferson-Josué-Yanique-Yarari;17 Años;36;Bolivia;Royal Pari;11/2/2005;164;57;Delantero;;
Eduardo-Mauricio-Álvarez-Vargas;19 Años;39;Bolivia;Royal Pari;9/4/2003;184;71;Defensa;;
Jhohan-Francisco-Gutiérrez-Oliveira;26 Años;1;Bolivia;The Strongest;27/9/1996;;;Portero;;
Guillermo-Viscarra-Bruckner;29 Años;13;Bolivia;The Strongest;7/2/1993;190;80;Portero;;Bolivia
Jesús-Enrique-Careaga-Guzmán;25 Años;33;Bolivia;The Strongest;9/5/1997;;;Portero;;
Ismael-Benegas-Arévalos;35 Años;2;Paraguay;The Strongest;1/8/1987;184;80;Defensa;Derecha;
Juan-Pablo-Aponte-Gutiérrez;30 Años;4;Bolivia;The Strongest;18/5/1992;172;74;Defensa;;
Adrián-Johnny-Jusino-Cerruto;30 Años;5;Bolivia;The Strongest;9/7/1992;186;79;Defensa;;Bolivia
Saúl-Torres-Rojas;32 Años;7;Bolivia;The Strongest;22/3/1990;180;68;Defensa;;
Juan-Gabriel-Valverde-Rivera;32 Años;12;Bolivia;The Strongest;24/6/1990;178;78;Defensa;;
Diego-Horacio-Wayar-Cruz;29 Años;14;Bolivia;The Strongest;15/10/1993;169;66;Centrocampista;Derecha;
Jaime-Enrique-Villamíl-Cortez;30 Años;15;Bolivia;The Strongest;5/10/1992;177;73;Defensa;;
Gonzalo-Gabriel-Castillo-Cabral;32 Años;22;Uruguay;The Strongest;17/10/1990;179;74;Defensa;Derecha;
Juan-José-Orellana-Chavarría;24 Años;27;Bolivia;The Strongest;2/2/1998;179;72;Defensa;;
Luis-Eduardo-Demiquel-Banegas;22 Años;29;Bolivia;The Strongest;15/1/2000;;;Defensa;;Bolivia
Daniel-Jhonatan-Lino-Justiniano;20 Años;35;Bolivia;The Strongest;18/2/2002;184;70;Centrocampista;;
Richet-Gómez-Miranda;23 Años;6;Bolivia;The Strongest;3/11/1998;178;74;Centrocampista;;
Luciano-Nahuel-Ursino-Pegolo;33 Años;8;Argentina;The Strongest;31/10/1988;180;77;Centrocampista;Derecha;
Michael-Javier-Ortega-Dieppa;31 Años;20;Colombia;The Strongest;6/6/1991;174;74;Centrocampista;Derecha;
Fernando-Javier-Saucedo-Pereyra;32 Años;21;Bolivia;The Strongest;15/3/1990;173;69;Centrocampista;;Bolivia
Ronaldo-Alencastro;27 Años;21;Ecuador;The Strongest;15/1/1995;;;Centrocampista;;
Fabricio-Domenico-Quaglio-Franco;19 Años;24;Bolivia;The Strongest;30/7/2003;;;Delantero;;
Franco-Andrade;17 Años;25;Bolivia;The Strongest;3/11/2004;171;;Centrocampista;Derecha;
Gabriel-Agustín-Sotomayor-Cardozo;23 Años;26;Bolivia;The Strongest;2/7/1999;;;Delantero;;
Jaime-Darío-Arrascaita-Iriondo;29 Años;30;Bolivia;The Strongest;2/9/1993;175;62;Centrocampista;;Bolivia
José-Alfredo-Flores-López;19 Años;32;Bolivia;The Strongest;3/8/2003;;;Delantero;;
Cristian-Gabriel-Esparza;29 Años;34;Argentina;The Strongest;30/1/1993;168;69;Centrocampista;Izquierda;
Martín-Sebastián-Prost;34 Años;9;Argentina;The Strongest;11/7/1988;178;;Delantero;Derecha;
Enrique-Luis-Triverio;33 Años;11;Argentina;The Strongest;31/12/1988;184;78;Delantero;;
Jair-Alexander-Reinoso-Moreno;37 Años;18;Colombia;The Strongest;7/6/1985;180;78;Delantero;Derecha;
Jeyson-Ariel-Chura-Almanza;20 Años;23;Bolivia;The Strongest;3/2/2002;173;71;Centrocampista;;
Ronald-Bustos;18 Años;31;Bolivia;The Strongest;17/3/2004;186;81;Delantero;;
Juan-Daniel-Ferrufino-Arteaga;21 Años;36;Bolivia;The Strongest;8/3/2001;;;Delantero;;
Iván-Alejandro-Brun;38 Años;1;Argentina;Universitario de Sucre;19/1/1984;183;80;Portero;;
Lucas-Adrián-Salinas-Zehl;21 Años;12;Bolivia;Universitario de Sucre;10/4/2001;;;Portero;;
Juan-Carlos-García-Yabeta;24 Años;22;Bolivia;Universitario de Sucre;3/2/1998;;74;Portero;;
Alex-Arancibia-Chávez;32 Años;41;Bolivia;Universitario de Sucre;28/1/1990;188;82;Portero;;
Luis-Darío-López-Torres;27 Años;;Paraguay;Universitario de Sucre;30/12/1994;;;Defensa;;
Juan-Carlos-Balcera;29 Años;;Bolivia;Universitario de Sucre;25/9/1993;;;Defensa;;
Leonardo-Urapuca-Katuary;24 Años;3;Bolivia;Universitario de Sucre;31/7/1998;;;Centrocampista;;
Leonel-Alejandro-Morales-Pinedo;34 Años;16;Bolivia;Universitario de Sucre;2/9/1988;169;65;Defensa;Izquierda;
Andrés-Nicolás-Landa-Medreno;26 Años;18;Bolivia;Universitario de Sucre;27/1/1996;183;68;Defensa;;
José-Alfredo-Rojas-Yucra;28 Años;20;Bolivia;Universitario de Sucre;10/12/1993;176;66;Centrocampista;;
Yhon-Jairo-Villegas-Soleto;25 Años;21;Bolivia;Universitario de Sucre;2/2/1997;;;Defensa;;
Gary-Mauricio-Saldías-Bravo;31 Años;23;Bolivia;Universitario de Sucre;22/11/1990;;;Delantero;;
Carlos-Andrés-Zabala-Negrete;28 Años;24;Bolivia;Universitario de Sucre;19/5/1994;;;Centrocampista;;
Alex-Rodrigo-Ortega-Flores;20 Años;27;Bolivia;Universitario de Sucre;17/9/2002;;;Defensa;;
Jose-Llampa-Cruz;;32;Bolivia;Universitario de Sucre;;;;Defensa;;
Nicolás-Romat;34 Años;44;Argentina;Universitario de Sucre;6/5/1988;181;82;Defensa;Derecha;
Joel-David-Ezequiel-Fernández;23 Años;49;Bolivia;Universitario de Sucre;13/1/1999;;;Defensa;;
Andrés-Jiménez-Pérez;37 Años;;Bolivia;Universitario de Sucre;8/7/1985;174;74;Centrocampista;;
José-Luis-Buhezo-Barja;33 Años;5;Bolivia;Universitario de Sucre;21/1/1989;;;Centrocampista;;
Jhonatan-Franco-Perlaza;29 Años;6;Colombia;Universitario de Sucre;3/1/1993;;;Centrocampista;;
Henrry-Torrez-Rey;28 Años;11;Bolivia;Universitario de Sucre;28/10/1994;;;Centrocampista;;
Marco-Antonio-Vásquez-Quispe;27 Años;15;Bolivia;Universitario de Sucre;10/4/1995;;;Centrocampista;;
Juan-José-Ortiz-Uyuni;18 Años;25;Bolivia;Universitario de Sucre;24/3/2004;;;Centrocampista;;
Daniel-Moisés-Calero-Salazar;24 Años;29;Bolivia;Universitario de Sucre;12/9/1998;;;Centrocampista;;
Miguel-Rodolfo-Padilla-Carballo;24 Años;30;Bolivia;Universitario de Sucre;3/3/1998;;;Centrocampista;;
Carlos-Ardián-Espínola;30 Años;35;Paraguay;Universitario de Sucre;6/10/1992;;;Delantero;;
Jairo-Samuel-Thomas-Enriquez;22 Años;36;Bolivia;Universitario de Sucre;31/3/2000;;;Centrocampista;;
Jorge-Enrique-Oliva-Sosa;25 Años;37;Bolivia;Universitario de Sucre;24/4/1997;;;Centrocampista;;
José-Marcelo-Gomes;40 Años;40;Brasil;Universitario de Sucre;14/11/1981;169;64;Centrocampista;Izquierda;
Alan-Kevin-Farell-Cuéllar;26 Años;45;Bolivia;Universitario de Sucre;27/3/1996;167;60;Centrocampista;;
Ramiro-Osvaldo-Maldonado;31 Años;46;Argentina;Universitario de Sucre;20/7/1991;174;73;Delantero;Derecha;
Rodrigo-Nicolás-Morales;28 Años;47;Argentina;Universitario de Sucre;22/3/1994;;;Centrocampista;;
Ángel-Oscar-Prudencio;32 Años;9;Argentina;Universitario de Sucre;13/10/1990;185;;Delantero;;
Jesús-Ronald-Gallegos-Vera;40 Años;10;Bolivia;Universitario de Sucre;6/9/1982;163;63;Centrocampista;;
Gianakis-Suárez-Tan-Wing;31 Años;17;Bolivia;Universitario de Sucre;26/9/1991;175;;Centrocampista;;
Miguel-Gerardo-Suárez-Savino;29 Años;42;Bolivia;Universitario de Sucre;1/6/1993;170;69;Delantero;;
Marcos-Emanuel-Ovejero;35 Años;48;Argentina;Universitario de Sucre;23/11/1986;170;72;Delantero;;
Gustavo-Almada;;1;Paraguay;Universitario de Vinto;;;;Portero;;
Raúl-Alejandro-Olivares-Gálvez;34 Años;12;Chile;Universitario de Vinto;17/4/1988;185;73;Portero;Derecha;
Juan-Pablo-Foronda-Camacho;26 Años;13;Bolivia;Universitario de Vinto;15/1/1996;;;Portero;;
Josué-Manuel-Rodríguez-Alavi;;34;Bolivia;Universitario de Vinto;;;;Portero;;
Julio-Demian-Vila;26 Años;2;Argentina;Universitario de Vinto;15/1/1996;183;;Defensa;;
Oscar-Edmundo-Vaca-Ortega;34 Años;3;Bolivia;Universitario de Vinto;30/10/1988;177;67;Defensa;Izquierda;
Alexander-Pinto-Soria;25 Años;4;Bolivia;Universitario de Vinto;11/4/1997;170;;Defensa;;
Ameth-Justino-Castro-Gil;31 Años;5;Bolivia;Universitario de Vinto;27/12/1990;191;;Centrocampista;;
Hallysson-Fernandes-Padilha;28 Años;19;Brasil;Universitario de Vinto;11/2/1994;;;Defensa;;
Iván-Enrique-Huayhuata-Romero;33 Años;21;Bolivia;Universitario de Vinto;9/3/1989;171;74;Defensa;;
Ezequiel-Michelli-Ponce-de-León;31 Años;31;Argentina;Universitario de Vinto;20/11/1990;183;82;Defensa;Derecha;
Kevin-Pontons-Paz;25 Años;33;Bolivia;Universitario de Vinto;17/8/1997;;;Defensa;;
Marcelo-Torrico-Cavero;29 Años;;Bolivia;Universitario de Vinto;9/1/1993;167;;Centrocampista;;
Ramiro-Mamani-Mamani;31 Años;8;Bolivia;Universitario de Vinto;14/9/1991;172;70;Centrocampista;;
Gilmar-Pinto-Camacho;19 Años;14;Bolivia;Universitario de Vinto;13/11/2002;166;;Centrocampista;;
Wálter-Veizaga-Argote;34 Años;16;Bolivia;Universitario de Vinto;24/7/1988;179;72;Centrocampista;;
Roy-Aboubacar-Ndoutoumo-Kone;28 Años;17;Gabón;Universitario de Vinto;16/10/1994;;;Delantero;;
Joel-Calicho-Laime;27 Años;22;Bolivia;Universitario de Vinto;2/6/1995;;;Centrocampista;;
Jorge-Bellido-Álvarez;30 Años;29;Bolivia;Universitario de Vinto;24/12/1991;;;Centrocampista;;
Pablo-Antonio-Laredo-Pardo;29 Años;30;Bolivia;Universitario de Vinto;4/10/1993;;;Defensa;;
Anderson-Camilo-Góngora;21 Años;32;Bolivia;Universitario de Vinto;15/10/2001;;;Centrocampista;;
Adrian-Pacheco;17 Años;36;Bolivia;Universitario de Vinto;2/7/2005;;;Centrocampista;;
Luis-Ariel-Jaldín-Torrico;32 Años;40;Bolivia;Universitario de Vinto;1/5/1990;;;Defensa;;
Deymar-Céspedes;21 Años;44;Bolivia;Universitario de Vinto;13/7/2001;;;Centrocampista;;
Ary-Oliveira;19 Años;45;Bolivia;Universitario de Vinto;19/8/2003;;;Centrocampista;;
Fabio-Richard-Diaz-Pozo;20 Años;51;Bolivia;Universitario de Vinto;31/1/2002;184;66;Centrocampista;;
Cristián-Fernández-Fuenzalida;19 Años;53;Bolivia;Universitario de Vinto;7/10/2003;;;Centrocampista;Derecha;
Jorge-Luis-Añez-Torrico;23 Años;61;Bolivia;Universitario de Vinto;9/9/1999;;;Centrocampista;;
Noé-Zeballos-Hinojosa;22 Años;62;Bolivia;Universitario de Vinto;11/4/2000;;;Centrocampista;;
Álvaro-Cuestas-Salazar;27 Años;66;Bolivia;Universitario de Vinto;21/8/1995;174;;Defensa;;
Diego-Albert-Villarroel-Alvarado;32 Años;90;Bolivia;Universitario de Vinto;19/4/1990;;;Defensa;;
Tony-de-Padua-Medeiros;29 Años;;Brasil;Universitario de Vinto;1/2/1993;;;Delantero;Derecha;
Rodrigo-Vargas-Touchard;33 Años;7;Bolivia;Universitario de Vinto;1/9/1989;177;69;Delantero;;
Rodrigo-Andrés-Llano-Montes;30 Años;9;Colombia;Universitario de Vinto;22/10/1992;;;Delantero;;
Erick-Brandón-Cano-Barao;23 Años;10;Bolivia;Universitario de Vinto;15/3/1999;;;Centrocampista;;
Leonardo-Durán-Cuellar;22 Años;11;Bolivia;Universitario de Vinto;18/1/2000;;;Delantero;;
René-Almanza-Villarroel;29 Años;15;Bolivia;Universitario de Vinto;26/1/1993;;;Delantero;Derecha;
Kevin-Ríos-Parada;24 Años;18;Bolivia;Universitario de Vinto;17/11/1997;178;80;Delantero;;
Luis-Alberto-Alí-Vega;28 Años;20;Bolivia;Universitario de Vinto;17/4/1994;170;;Delantero;Derecha;
Yerco-René-Vallejos-Soreta;27 Años;23;Bolivia;Universitario de Vinto;3/4/1995;180;;Delantero;;
Héctor-Manuel-Cuellar-Rosales;22 Años;38;Bolivia;Universitario de Vinto;16/8/2000;;;Centrocampista;;
Lucas-Fernando-Perez-Zamora;19 Años;42;Bolivia;Universitario de Vinto;12/6/2003;;;Delantero;;
José-Edwin-Herrera-Torrico;21 Años;52;Bolivia;Universitario de Vinto;17/7/2001;179;72;Delantero;;
Gênesis-Fernandes-de-Andrade;31 Años;99;Brasil;Universitario de Vinto;3/1/1991;180;70;Delantero;Derecha;
Santiago-Delgadillo;;1;Bolivia;Wilstermann;;;;Portero;;
Juan-Daniel-Sandy-Lazcano;21 Años;12;Bolivia;Wilstermann;22/10/2001;184;77;Portero;;
Arnaldo-Andrés-Giménez-Dos-Santos;35 Años;13;Paraguay;Wilstermann;9/3/1987;195;80;Portero;;
Bruno-Rodrigo-Poveda-Zeballos;19 Años;33;Bolivia;Wilstermann;22/10/2003;183;73;Portero;;
Maximiliano-Iván-Ortiz-Cuello;33 Años;2;Bolivia;Wilstermann;11/10/1989;;;Defensa;;
Santiago-Echeverría;32 Años;3;Argentina;Wilstermann;28/3/1990;183;80;Defensa;Izquierda;
Luis-Francisco-Rodríguez-Zegada;28 Años;4;Bolivia;Wilstermann;22/8/1994;173;68;Defensa;Izquierda;
Ronny-Fernando-Montero-Martínez;31 Años;16;Bolivia;Wilstermann;15/5/1991;182;85;Defensa;;Bolivia
Luis-Carlos-Rodríguez-Cujuy;20 Años;19;Bolivia;Wilstermann;17/10/2002;177;68;Defensa;;
Ramiro-Daniel-Ballivian;30 Años;21;Bolivia;Wilstermann;8/4/1992;168;65;Defensa;;
Adriel-Fernández-Sánchez;26 Años;23;Bolivia;Wilstermann;22/3/1996;177;79;Centrocampista;;
Edgar-Alberto-Olivares-Villarroel;20 Años;29;Bolivia;Wilstermann;31/7/2002;175;70;Defensa;;
Edemir-Rodríguez-Mercado;38 Años;30;Bolivia;Wilstermann;21/10/1984;176;70;Defensa;Derecha;
Alexandro-Zenteno-Rojas;19 Años;42;Bolivia;Wilstermann;20/1/2003;171;62;Centrocampista;;
Robson-Leandro-Dos-Santos;30 Años;5;Brasil;Wilstermann;28/9/1992;180;70;Centrocampista;;
Carlos-Enrique-Áñez-Oliva;27 Años;6;Bolivia;Wilstermann;6/7/1995;;;Centrocampista;;
Cristian-Manuel-Chávez;36 Años;9;Argentina;Wilstermann;16/6/1986;169;65;Centrocampista;Derecha;
Vladimir-Castellón-Colque;33 Años;11;Bolivia;Wilstermann;12/8/1989;178;72;Delantero;;
Luis-José-Vargas-García;26 Años;14;Bolivia;Wilstermann;31/1/1996;182;68;Centrocampista;;
Cristhian-Machado-Pinto;32 Años;15;Bolivia;Wilstermann;20/6/1990;173;77;Centrocampista;;
José-Ariel-Núñez-Portelli;34 Años;17;Paraguay;Wilstermann;12/9/1988;172;74;Delantero;Derecha;
Rodrigo-Mauricio-Vargas-Castillo;28 Años;20;Bolivia;Wilstermann;19/10/1994;169;69;Delantero;Derecha;
Josué-Limberth-Mamani-Tumiri;22 Años;25;Bolivia;Wilstermann;20/8/2000;;;Centrocampista;;
Raúl-Castro-Peñaloza;33 Años;26;Bolivia;Wilstermann;19/8/1989;181;70;Centrocampista;;
Rodrigo-Gareca-Cano;20 Años;34;Bolivia;Wilstermann;25/2/2002;;;Centrocampista;;
Carlos-Daniel-Pérez-Almanza;23 Años;36;Bolivia;Wilstermann;19/2/1999;;;Centrocampista;;
Carlitos-Rodriguez;;37;Bolivia;Wilstermann;;;;Centrocampista;;
Fabricio-Mariaca-Morales;20 Años;38;Bolivia;Wilstermann;2/2/2002;166;70;Centrocampista;;
Willie-Hortencio-Barbosa;29 Años;93;Brasil;Wilstermann;15/5/1993;169;64;Delantero;Derecha;
José-Alfredo-Castillo-Parada;39 Años;99;Bolivia;Wilstermann;9/2/1983;182;82;Delantero;Derecha;
Miguel-Ángel-Alba;34 Años;;Argentina;Wilstermann;14/8/1988;178;79;Delantero;Ambidiestro;
Hugo-da-Conceição-Medeiros;24 Años;;Brasil;Wilstermann;1/1/1998;176;73;Delantero;Derecha;
Edzon-Rigoberto-Pérez-Torres;29 Años;7;Bolivia;Wilstermann;16/12/1992;174;66;Defensa;;
Sergio-Henrique-Francisco;37 Años;10;Brasil;Wilstermann;19/12/1984;169;68;Centrocampista;Izquierda;
César-Alejandro-Menacho-Claros;23 Años;17;Bolivia;Wilstermann;9/8/1999;;;Delantero;;
Humberto-Segundo-Osorio-Botello;34 Años;24;Colombia;Wilstermann;24/6/1988;178;79;Delantero;Derecha;
Matheo-Henrique-Zoch-Méndez;26 Años;32;Bolivia;Wilstermann;12/7/1996;;;Centrocampista;;
Claudio-Ancieta;18 Años;39;Bolivia;Wilstermann;1/12/2003;;;Delantero;;
Miguel-Antonio-Bianconi-Kohl;30 Años;40;Brasil;Wilstermann;14/5/1992;191;90;Delantero;Derecha;
